title,author,description,url,publishedAt
England recall Pope and Lawrence for Pakistan Tests,Elizabeth Botcherby,Surrey duo Ollie Pope and Dan Lawrence are recalled to the England squad for the first two Tests against Pakistan.,https://www.bbc.co.uk/sport/cricket/articles/crl7911zk40o,2026-08-06 09:00:42
Root lifts midnight curfew on England team,Stephan Shemilt,New Test captain Joe Root abolishes the midnight curfew imposed on the England team under predecessor Ben Stokes.,https://www.bbc.co.uk/sport/cricket/articles/c30428ljm06o,2026-08-12 14:10:05
Pakistan top court orders ex-PM Imran Khan be moved to hospital from jail,Reuters,"ISLAMABAD, Aug 18 (Reuters) - The Supreme Court of Pakistan on Tuesday ordered the transfer of former Prime Minister Imran Khan to a private hospital from ja...",https://www.yahoo.com/news/world/articles/pakistan-top-court-orders-ex-074143121.html,2026-08-18 19:30:33
Pakistan top court orders ex-PM Imran Khan be moved to hospital from jail,https://www.facebook.com/bbcnews,Imran Khan has been imprisoned since 2023 on corruption charges which he says were politically motivated.,https://www.bbc.co.uk/news/articles/cy4kzzlydrro,2026-08-18 16:00:30
Root's great challenge to finish captaincy story,Stephan Shemilt,"Joe Root has an unexpected chance to address some unfinished business as England captain, but it is one of the biggest challenges of his stellar career.",https://www.bbc.co.uk/sport/cricket/articles/cd69881454vo,2026-08-18 16:41:31
West Indies beat Pakistan & dedicate win to Sobers,Timothy Abraham,Jayden Seales takes 5-20 in second innings as West Indies' pace attack ruthlessly blow away Pakistan to secure a 90-run victory just after tea on day four of the first Test.,https://www.bbc.co.uk/sport/cricket/articles/cvg09e84z8do,2026-07-28 21:59:17
Lloyd pays tribute to 'greatest' Sobers at funeral,Mike Peter,"Sir Garfield Sobers is called the ""greatest all-round cricketer the world has ever known"" by former team-mate Sir Clive Lloyd at the legendary West Indies player's state funeral in Barbados.",https://www.bbc.co.uk/sport/cricket/articles/c87n3d4rj2vo,2026-07-29 18:44:36
Justin Greaves sets new cricket bowling record with five wicket maiden,Al Jazeera,"Greaves, a West Indies paceman, becomes the first player in Test history to bowl five straight wicket maidens.",https://www.aljazeera.com/sports/2026/7/28/justin-greaves-sets-new-cricket-bowling-record-with-five-wicket-maiden,2026-07-28 08:17:11
Pakistan beat West Indies to end 8 away Test losing streak and draw series,Al Jazeera,"Pakistan win first away Test in three years, beating West Indies by eight wickets in Trinidad to draw two Test series.",https://www.aljazeera.com/sports/2026/8/6/pakistan-beat-west-indies-to-end-8-away-test-losing-streak-and-draw-series,2026-08-06 06:58:31
Pathirage beats Chopra and Nadeem to win Commonwealth gold in javelin,Kevin Hand,"Rumesh Tharanga Pathirage wins gold, while Neeraj Chopra takes silver, but Arshad Nadeem ,makes early exit.",https://www.aljazeera.com/sports/2026/7/31/pathirage-wins-sri-lankas-first-athletics-gold-in-commonwealth-javelin,2026-07-31 21:49:49
UN urges support for Afghan women’s aid five years into Taliban rule,Chris Hamill-Stewart,More than half of women’s organisations operating in Afghanistan could cease operations within next year: UN Women.,https://www.aljazeera.com/news/2026/8/15/un-urges-support-for-afghan-womens-aid-five-years-into-taliban-rule,2026-08-15 00:23:26
Could UK diaspora players represent India? | Bhatia closes in on Liverpool stake,Dev Trehan,"Also in Dev's Digest, the column that sets the record straight on British South Asians in football: West Ham chief Karim Virani eyes Premier League return; Fulham's Farhaan Ali Wahid joins Borehamwood on loan; Riya Mannu and Zahmena Malik complete moves; Yan …",https://www.skysports.com/football/news/11095/13570292/devs-digest-will-british-indians-represent-india-national-team-amit-bhatia-closes-in-on-liverpool-stake-yan-dhandas-debut-revisited,2026-08-12 11:15:00
Taliban govt to mark five years ruling Afghanistan...,Qubad Wali and Isabelle Wesselingh,"The Taliban government celebrates five years of ruling Afghanistan on Saturday, with the authorities hailing their country's ""freedom"" and security, while cr...",https://www.yahoo.com/news/world/articles/taliban-govt-mark-five-years-210124954.html,2026-08-14 23:55:38
How to watch England vs Pakistan 1st Test: Free Streams & TV Channels,Krishi Chowdhary,"All the ways to watch the 1st Test match between England and Pakistan at Headingley, including free streams as the cricket series gets underway in Leeds.",https://www.techradar.com/how-to-watch/cricket/england-vs-pakistan-1st-test-free-streams,2026-08-19 07:00:00
"How to watch Sky Sports from anywhere – stream Premier League, cricket, golf and more",Adam Marshall,"Sky's premium sports channels have you covered for Premier League football, Test cricket, major golf and so much more – but how can you watch from abroad...?",https://www.techradar.com/how-to-watch/sky-sports-from-anywhere,2026-08-11 13:00:00
Summer lightness: errors that puzzled and/or irritated you.,Harry,"A friend on facebook says that Hamnet contains a pretty serious error — naming the Costwolds the Chilterns (or, pretty much equivalently, mislocating the Chilterns between Stratford and Oxford). I’m not sure that would ruin the book for me, but I definitely w…",https://crookedtimber.org/2026/08/07/summer-lightness-errors-that-puzzled-and-or-irritated-you/,2026-08-07 15:11:40
Jailed former Pakistan PM Imran Khan moved to hospital over health concerns,Unknown Author,"The cricketer-turned-politician has been in jail for three years, convicted in a string of cases he insists are politically motivated.",https://www.abc.net.au/news/2026-08-19/imran-khan-hospital-cricket-prime-minister-pakistan/107052546,2026-08-18 15:04:18
Bazball-era curfews over as Root demands England players 'be adults',Unknown Author,"England skipper Joe Root says the midnight curfews in place at the end of the Bazball reign have been ditched as he called on his players to ""be adults"" in the new era.",https://www.abc.net.au/news/2026-08-13/joe-root-england-captain-curfew-rules-end-after-bazball/107031132,2026-08-12 20:27:29
Mehreen Faruqi says her Australianness feels 'conditional',Anastasia Safioleas,Ask Greens senator Mehreen Faruqi what she was like as a child and you'll catch a revealing glimpse of her as an adult.,https://www.abc.net.au/news/2026-08-11/mehreen-faruqi-on-being-a-muslim-woman-in-parliament/106991726,2026-08-10 19:00:00
Sobers could only do everything — including for SA's Sheffield Shield side,Unknown Author,"In 1961, Sir Garfield Sobers was almost indisputably the world’s greatest cricketer. In a masterstroke, South Australian administrators were able to secure his services and, by extension, a path to Sheffield Shield triumph.",https://www.abc.net.au/news/2026-07-26/sir-garfield-sobers-sa-and-the-sheffield-shield/106956008,2026-07-25 21:35:46
"Quick hits: Tempers flare as Aussies wilt, Starc's heart-in-mouth moment",Henry Hanson and Simon Smale,"Mitchell Starc vents his frustration at a Bangladeshi batter, while a star is born on treacherous Darwin turf. Here are the quick hits from day two of the first Test between Australia and Bangladesh.",https://www.abc.net.au/news/2026-08-14/aus-ban-day-two-quick-hits-smith-tanzid-starc-darwin-turf/107036904,2026-08-14 08:39:26
Court orders Pakistan’s jailed ex-PM Imran Khan to be moved to hospital,RT,Pakistan Supreme Court orders jailed former PM Imran Khan to be moved to hospital following the concerns raised by the cricketer-turned politician’s family and his Tehreek-e-Insaf party over his health amid the isolation in jail,https://www.rt.com/india/644356-pakistan-imran-khan-hospital/,2026-08-18 10:32:35
"Princess Charlotte, 11, inherits Kate's sporty side as she joins top-flight netball team",Jennifer Ruby,"From captaining the hockey team during her time at Marlborough College to playing volleyball in wedges, the Princess of Wales is one of the sportiest members of the Royal Family.",https://www.dailymail.com/news/article-16055489/Princess-Charlotte-netball-team.html,2026-08-15 21:04:49
"'Art therapy', cricket, break dancing... and TWO GPs onsite: Inside Britain's biggest migrant camp where asylum seekers are called 'customers' and treated to the cushiest of lives - all paid for by YOU",Neil Sears,It is hard to choose from options that sound like they could be on offer either at an expensive summer camp provided by a public school or a tour of quintessential England for wealthy Americans.,https://www.dailymail.com/news/article-16031911/Art-therapy-cricket-break-dancing-TWO-GPs-onsite-Inside-Britains-biggest-migrant-camp-asylum-seekers-cushiest-lives.html,2026-08-06 00:00:59
Weatherald dropped from Test squad after stunning loss to Bangladesh,Unknown Author,Opening batter Jake Weatherald has been dropped from Australia's Test squad after the side's historic loss to Bangladesh in Darwin.,https://www.abc.net.au/news/2026-08-18/jake-weatherald-dropped-matt-renshaw-in-australia-test-squad/107050212,2026-08-18 03:43:59
Taliban authorities mark five years ruling Afghanistan,RTÉ News,"The Taliban government celebrated five years of ruling Afghanistan on Saturday, with flags galore and convoys of military vehicles, while critics decried tightening restrictions in all areas of daily life.",https://www.rte.ie/news/2026/0815/1587986-taliban-afghanistan-power/,2026-08-15 08:28:54
Taliban authorities mark five years ruling Afghanistan,RTÉ News,"Minister for Foreign Affairs, Helen McEntee has said that over the past five years, women and girls in Afghanistan have been subjected to an appalling campaign of discriminatory violence, abuse and exclusion.",https://www.rte.ie/news/world/2026/0815/1587986-taliban-afghanistan-power/,2026-08-15 08:28:54
Injured Shan to miss Pakistan's second test against West Indies,Unknown Author,"July 31 : Pakistan batter Shan Masood will miss the second and final test against West Indies after fracturing his finger in the opening match in Tarouba, the team said on Thursday.The top order batter smashed a first-innings hundred at the Brian Lara Stadium…",https://www.channelnewsasia.com/sport/injured-shan-miss-pakistans-second-test-against-west-indies-6290276,2026-07-31 04:47:27
WCA welcomes formation of Sri Lanka players' body,Unknown Author,"COLOMBO, Aug 10 : The World Cricketers' Association (WCA) said the formation of a players' body in Sri Lanka was a landmark development for the professionalism and growth of the game in the country.The Sri Lankan Professional Cricketers' Association was offic…",https://www.channelnewsasia.com/sport/wca-welcomes-formation-sri-lanka-players-body-6309106,2026-08-10 04:05:10
"Bishop gets maiden West Indies call-up for Pakistan test series, McKenzie recalled",Unknown Author,July 24 : West Indies gave left-arm spinner Joshua Bishop his maiden call-up and recalled Kirk McKenzie for the two-test home series against Pakistan beginning on Saturday.Bishop has been the most successful bowler across the past three West Indies Championsh…,https://www.channelnewsasia.com/sport/bishop-gets-maiden-west-indies-call-up-pakistan-test-series-mckenzie-recalled-6275436,2026-07-24 06:05:49
"Pakistan's Babar to miss first England test, Salman named stand-in captain",Unknown Author,"LEEDS, England, Aug 18 : Pakistan captain Babar Azam will miss this week's first test in against England after injuring his right hand during a warm-up match and Salman Ali Agha will deputise, head coach Sarfaraz Ahmed said on Tuesday.Babar, who was re-appoin…",https://www.channelnewsasia.com/sport/pakistans-babar-miss-first-england-test-salman-named-stand-in-captain-6326181,2026-08-18 13:49:56
"England to have no curfew for Pakistan tests, says captain Root",Unknown Author,"Aug 12 : England captain Joe Root said there would be no team curfew during next week's home test series against Pakistan, backing players to act responsibly despite recent off-field incidents that have put the team's culture under scrutiny.The 35-year-old's …",https://www.channelnewsasia.com/sport/england-have-no-curfew-pakistan-tests-says-captain-root-6315156,2026-08-12 13:35:46
Zimbabwe call up wicketkeeper Tsiga for T20 series against India,Unknown Author,"July 22 : Zimbabwe have included uncapped wicketkeeper-batter Tafadzwa Tsiga in their squad for the Twenty20 International series against India that starts at the Harare Sports Club on Thursday.• Tsiga, 32, has played 10 Tests for Zimbabwe but never before fe…",https://www.channelnewsasia.com/sport/zimbabwe-call-up-wicketkeeper-tsiga-t20-series-against-india-6270186,2026-07-22 06:04:06
England's Bethell to miss The Hundred with knee injury,Unknown Author,"July 21 : England all-rounder Jacob Bethell will miss the 2026 edition of The Hundred due to a knee injury sustained during this month's one-day international series against India, his team Birmingham Phoenix said on Tuesday.South African wicketkeeper Donovan…",https://www.channelnewsasia.com/sport/englands-bethell-miss-hundred-knee-injury-6268466,2026-07-21 13:55:17
Fleming a 'big reason' for Root's return as England captain,Unknown Author,"Aug 2 : Joe Root said Stephen Fleming's appointment as England's test coach was a ""big reason"" he agreed to return as captain of the squad.Root replaced Ben Stokes after the all-rounder retired following the home series against New Zealand. Fleming succeeds c…",https://www.channelnewsasia.com/sport/fleming-big-reason-roots-return-england-captain-6293461,2026-08-02 04:35:55
Southampton to host men's Ashes test for first time in 2027,Unknown Author,"LONDON, July 23 : Southampton's Utilita Bowl will host a men's Ashes test for the first time next year with the men's and women's series against Australia again running concurrently, the England and Wales Cricket Board (ECB) announced on Thursday.Trent Bridge…",https://www.channelnewsasia.com/sport/southampton-host-mens-ashes-test-first-time-in-2027-6273216,2026-07-23 09:17:16
Rihanna attends the funeral of Sir Garfield Sobers following his death aged 89 as she calls the West Indies cricket legend 'an icon whose legacy will inspire generations to come',Rebecca Davison,Rihanna attended the funeral of West Indies cricket legend and Barbados National Hero Sir Garfield Sobers on Wednesday.,https://www.dailymail.com/tvshowbiz/article-16016119/Rihanna-attends-funeral-Sir-Garfield-Sobers-follows-death-aged-89-calls-West-Indies-cricket-legend-icon-legacy-inspire-generations-come.html,2026-07-30 09:45:41
India at 80: Time to confront the issues it is facing,Shashi Shekhar,"Three decades from now, India will have more older people than young. Are we ready to face that challenge? We’ll need to think about it today.",https://www.livemint.com/opinion/columns/india-at-80-time-to-confront-the-issues-it-is-facing-11786889108134.html,2026-08-17 00:31:04
"Flags, music as Taliban authorities mark five years ruling Afghanistan",hurriyetdailynews.com,"The Taliban government celebrated five years of ruling Afghanistan on Aug. 14, with flags galore and convoys of military vehicles, while critics decried tightening restrictions in all areas of daily life.",https://www.hurriyetdailynews.com/flags-music-as-taliban-authorities-mark-five-years-ruling-afghanistan-225657,2026-08-15 08:28:56
Root wants England to be 'good role models',Unknown Author,Joe Root and Jordan Cox look ahead to the first Test against Pakistan.,https://www.bbc.co.uk/sounds/play/p0p54hd1?at_campaign=rss,2026-08-18 14:52:00
Send your cricket data questions to BBC Sport & CricViz,BBC Sport,Send your cricket data questions to BBC Sport and we will get CricViz to answer a selection of them.,https://www.bbc.co.uk/sport/cricket/articles/cz6459x3zw0o,2026-08-19 16:03:53
Lancashire bring in Pakistan spinner Noman,BBC Sport,Lancashire sign Pakistan spinner Noman Ali for the final six games of the County Championship season.,https://www.bbc.co.uk/sport/cricket/articles/c9d893pzv34o,2026-08-06 10:36:06
Test Match Special Podcast,Unknown Author,"Cricket analysis with Sir Alastair Cook, Steven Finn and Alex Hartley.",https://www.bbc.co.uk/sounds/play/p0p2h3c2?at_campaign=rss,2026-08-03 21:17:00
Greaves takes 5-0 in incredible Test bowling spell,Timothy Abraham,West Indies all-rounder Justin Greaves takes five wickets without conceding a run during an incredible spell of bowling on day three of the first Test against Pakistan.,https://www.bbc.co.uk/sport/cricket/articles/cx2rjv5599go,2026-07-27 22:27:14
England hopeful Gay will be fit for Pakistan Test,Stephan Shemilt,Opener Emilio Gay will have further treatment on a shoulder injury this week with England hopeful he will be fit for the first Test against Pakistan.,https://www.bbc.co.uk/sport/cricket/articles/cpd75xqj99go,2026-08-10 15:36:34
'Pressure will follow him' - Rocky Flintoff faces up to tests ahead,Matthew Henry,"With one former England coach calling for Rocky Flintoff to be ""fast-tracked"" to international cricket, what should be next for the talented teenager?",https://www.bbc.co.uk/sport/cricket/articles/c9342w19n81o,2026-08-15 08:23:21
Brook's time will come as Test captain - McCullum,Ffion Wynne,"England white-ball coach Brendon McCullum backs Harry Brook as a future captain but says Joe Root will do an ""amazing job"" in his second stint.",https://www.bbc.co.uk/sport/cricket/articles/c39epglkg8mo,2026-08-06 19:02:55
Bethell ruled out of The Hundred with knee injury,Ffion Wynne,"England all-rounder Jacob Bethell, who was due to captain Birmingham Phoenix, is ruled out of The Hundred with a knee injury.",https://www.bbc.co.uk/sport/cricket/articles/c8jn9p49n99o,2026-07-21 12:50:40
Seamer Randell joins Derbyshire for rest of season,Andrew Aloia,Derbyshire sign history-making seam bowler Brett Randell for the remainder of the County Championship season.,https://www.bbc.co.uk/sport/cricket/articles/c20e27rrw9go,2026-08-13 11:54:07
Lomror joins Surrey for County Championship finale,BBC Sport,Surrey sign Indian batter Mahipal Lomror for the final six County Championship games of the 2026 season.,https://www.bbc.co.uk/sport/cricket/articles/c74gkgy5q19o,2026-08-18 14:25:53
Warner fined for drink-driving & must fit interlock device to car,Adwaidh Rajan,Former Australia batter David Warner is convicted and fined for drink-driving following a random breath test in April.,https://www.bbc.co.uk/sport/cricket/articles/c8dn353gjryo,2026-08-18 07:55:59
Trescothick chat helps Buttler find form for T20 record,Mike Peter,Jos Buttler says a conversation with England batting coach Marcus Trescothick helped him rediscover the form that took his past the all-time T20 run-scoring record.,https://www.bbc.co.uk/sport/cricket/articles/c3v0ed04w2qo,2026-08-07 13:49:44
Ambitious Yorkshire strengthen with Arlott signing,BBC Sport,"Yorkshire sign England bowler Em Arlott from Warwickshire on a three-year-contract, starting next season.",https://www.bbc.co.uk/sport/cricket/articles/cj4knvwxg9eo,2026-07-24 09:46:19
Only wins can stop England's curfew hokey-cokey,Stephan Shemilt,"England have scrapped their midnight curfew seven months after introducing it. Now, only wins will repair the reputational damage they have sustained, says Stephan Shemilt.",https://www.bbc.co.uk/sport/cricket/articles/czjl2pelp1go,2026-08-13 05:22:07
Taliban authorities mark five years ruling Afghanistan,Henry Oduah,"Hundreds of Afghans gathered around a square beside the former US embassy, with men, boys and young girls packed into pickup trucks and waving white Taliban government flags.
The post Taliban authorities mark five years ruling Afghanistan appeared first on Va…",https://www.vanguardngr.com/2026/08/taliban-authorities-mark-five-years-ruling-afghanistan/,2026-08-15 08:18:15
"'You let BJP, Congress speak, but not us': Akhilesh Yadav erupts in Lok Sabha over NEET discussion",TIMESOFINDIA.COM,Samajwadi Party chief Akhilesh Yadav accused the Lok Sabha Speaker of unfair treatment. He stated his party was denied a chance to speak on the NEET paper leak. The government and Congress were allowed to present their views while his party was not. Yadav ins…,https://timesofindia.indiatimes.com/india/you-let-bjp-congress-speak-but-not-us-akhilesh-yadav-erupts-in-lok-sabha-over-neet-discussion/articleshow/132554920.cms,2026-07-22 08:51:33
Fractured finger rules out Masood for the 2nd cricket test against West Indies,Associated Press,Pakistan in-form batter Shan Masood was ruled out of the second cricket test against the West Indies due to a fractured left index finger. Masood was the only bright batting spot in Pakistan’s 90-run defeat in the first test at Trinidad when the left-hander s…,https://sports.yahoo.com/articles/fractured-finger-rules-masood-2nd-051738603.html,2026-07-31 05:17:38
'Darkly comical': Cricket world baffled as Pakistan drop 'best bowler' Mohammad Abbas for WI 2nd Test over 'conditions',Deepanjan Mitra,"With the second Test between Pakistan and the Windies going in full fury, the whole cricket world remains confused about the sudden dropping of Mohammed Abba...",https://www.cricketnews.com/en/cricket/news/cricket-world-pakistan-drop-best-bowler-mohammad-abbas-wi-test-conditions/802d5cc242191ee7d8a95402,2026-08-02 18:40:43
Shoaib Akhtar likens himself to Brazilian icon Ronaldo Nazario if he swapped Pakistan cricket to play football,Soham Mukherjee,Former Pakistan speedster Shoaib Akhtar claims he would have played like Brazilian legend Ronaldo Nazario had he chosen football over international cricket.,https://www.cricketnews.com/en/cricket/news/shoaib-akhtar-brazilian-ronaldo-nazario-pakistan-cricket-football/a8907afaa907e84e21f7aea7,2026-07-25 03:52:34
"Tarouba, Trinidad weather forecast: Day-by-Day rain chances for West Indies vs Pakistan 1st Test 2026",Soham Mukherjee,"Get the day-by-day Tarouba, Trinidad weather forecast and hourly rain probability for the West Indies vs Pakistan 1st Test at Brian Lara Cricket Academy.",https://www.cricketnews.com/en/cricket/news/tarouba-trinidad-weather-day-rain-chances-wi-vs-pak-1st-test-2026/c0c03fca2c4070682db8cb26,2026-07-25 12:26:43
England to face Pakistan and Sri Lanka in tri-series,Matthew Henry - BBC Sport Journalist,England will play Pakistan and Sri Lanka in Lahore and Rawalpindi in a one-day international tri-series in October.,https://www.bbc.com/sport/cricket/articles/c4g618j21xko?xtor=AL-72-%5Bpartner%5D-%5Byahoo.north.america%5D-%5Bheadline%5D-%5Bsport%5D-%5Bbizdev%5D-%5Bisapi%5D,2026-08-19 12:31:57
Jemimah Rodrigues hugs Pakistan captain Fatima Sana in The Hundred despite India’s strict 'no handshake' protocol,Soham Mukherjee,"Jemimah Rodrigues hugged Pakistan captain Fatima Sana after The Hundred match, setting aside Team India's official ""no handshake"" protocol. Watch the viral video.",https://www.cricketnews.com/en/cricket/news/jemimah-rodrigues-hugs-pakistan-fatima-sana-hundred-india-no-handshake/8b9d9a41a2f42d4d6b23eecc,2026-07-31 04:00:23
"Sri Lanka vs. Pakistan women prediction, lineups and betting tips for 1st T20I",Ajay Gandhar,"Sri Lanka Women host Pakistan Women in the first T20I of the tour. Get predictions, lineups and betting tips as Chamari Athapaththu looks to continue Sri Lanka's dominant run against a struggling Pakistan side.",https://www.sportingnews.com/in/cricket/news/sri-lanka-vs-pakistan-women-prediction-lineups-betting-tips-1st-t20i/56459bba7ae133f3d72d79bb,2026-07-30 14:10:01
Pakistan all-rounder handed two-year ban over visa misrepresentation: PCB says conduct tarnished PAK cricket's reputation,Deepanjan Mitra,"Hamza Nazar's time with the Pakistan national team has been cut short before it even begins, after the bowler was banned for two years by the PCB for providing misleading visa information.",https://www.cricketnews.com/en/cricket/news/pakistan-all-rounder-two-year-ban-visa-pcb-reputation/2afdd7cfb7f450b7d245eb77,2026-08-07 08:32:21
Pakistan needs 18 runs against West Indies to win second test,Associated Press,Pakistan needs 18 more runs for a series-leveling victory against the West Indies in the second and final cricket test Wednesday as it seeks to end its eight-match losing streak away from home in test matches. First innings century-maker Abdullah Shafique was…,https://sports.yahoo.com/articles/pakistan-needs-18-runs-against-162724450.html,2026-08-05 16:27:24
"England vs. Pakistan prediction, lineups, pitch report for 1st test as Joe Root returns as captain",Ajay Gandhar,"Joe Root returns as England captain for the Pakistan Test opener. Full prediction, team news and pitch report inside.",https://www.cricketnews.com/en/cricket/play/england-vs-pakistan-prediction-lineups-pitch-report-1st-test-joe-root-returns-captain/327fc6a0c435faf04ca0f375,2026-08-17 15:30:01
"Only way India and Pakistan can meet at 2026 Asian Games cricket: Potential route to final, gold medal match in Aichi-Nagoya",Deepanjan Mitra,"With this year's Asian Games about to include cricket, fans across the subcontinent are excited to take a look at the India vs. Pakistan match in Japan, but there is only one way for them to meet.",https://www.cricketnews.com/en/cricket/news/india-pakistan-meet-2026-asian-games-cricket-route-final-gold-medal/f100f9244c13dc31e2d904c1,2026-07-24 11:30:24
Greaves takes four wickets without a run as Pakistan trails West Indies by 44 runs in first test,Associated Press,Pakistan collapsed to 267-8 at lunch after Justin Greaves bowled four consecutive wicket maiden overs as West Indies made a strong comeback in the first cricket test on Monday. Greaves’ impeccable seam bowling led Pakistan to lose five wickets for 15 runs in …,https://sports.yahoo.com/articles/greaves-takes-four-wickets-without-171636678.html,2026-07-27 17:16:36
''This is our culture': Fans react to 'typical' Pakistan collapse in 1st Test vs WI as Justin Greaves scalps 5-wicket haul,Deepanjan Mitra,Pakistan faces one of their typical batting collapses as a five-wicket haul by Justin Greaves while fans do not give the team any respite with their blunt takes.,https://www.cricketnews.com/en/cricket/news/fans-react-pakistan-collapse-1st-test-vs-wi-justin-greaves-5-wicket-haul/48d5205a9da1ebf81560915e,2026-07-27 18:26:32
Babar Azam Test centuries: Full career stats detailed as Pakistan captain on the verge of scoring first Test 100 in four years,Soham Mukherjee,Explore Babar Azam's full Test career stats and list of centuries as the Pakistan captain closes in on his first Test 100 since 2022 vs West Indies.,https://www.cricketnews.com/en/cricket/news/babar-azam-test-centuries-full-career-stats/5cfa0950af88fc6f8dad4787,2026-08-04 03:55:46
'We pull him down': Azhar Mahmood slams treatment of Babar Azam & cites 'lack of respect' for the Pakistan captain,Soham Mukherjee,"Azhar Mahmood defended Babar Azam, revealing how harsh criticism from former players affected him and why Pakistan must respect its only superstar.",https://www.cricketnews.com/en/cricket/news/azhar-mahmood-babar-azam-lack-respect-pakistan-captain/132e4501d5516aaa7b4aac2e,2026-08-17 16:50:43
Send your cricket data questions to BBC Sport & CricViz,BBC,Send your cricket data questions to BBC Sport and we will get CricViz to answer a selection of them.,https://www.bbc.com/sport/cricket/articles/cz6459x3zw0o?xtor=AL-72-%5Bpartner%5D-%5Byahoo.north.america%5D-%5Bheadline%5D-%5Bsport%5D-%5Bbizdev%5D-%5Bisapi%5D,2026-08-19 16:05:41
"Where to watch Sri Lanka vs Pakistan live stream, TV channel, start time and lineups for 1st women's ODI",Anselm Noronha,"All the details for Sri Lanka Women vs Pakistan Women 1st ODI, including broadcast info, start time and squads.",https://www.sportingnews.com/in/cricket/news/watch-sri-lanka-pakistan-live-stream-tv-channel-start-time-lineups-1st-womens-odi/3da9ce8437c518dcd27d8392,2026-07-22 17:30:01
Lancashire bring in Pakistan spinner Noman,BBC,Lancashire sign Pakistan spinner Noman Ali for the final six games of the County Championship season.,https://www.bbc.com/sport/cricket/articles/c9d893pzv34o?xtor=AL-72-%5Bpartner%5D-%5Byahoo.north.america%5D-%5Bheadline%5D-%5Bsport%5D-%5Bbizdev%5D-%5Bisapi%5D,2026-08-06 10:36:10
"WI vs PAK 1st Test session timings: Start times, lunch and tea breaks for West Indies vs Pakistan 2026 at Tarouba",Anselm Noronha,"Pakistan begin their 2026 Test series against West Indies at Tarouba. Here's the full daily schedule, including match start times and the lunch and tea intervals for the opening Test.",https://www.cricketnews.com/en/cricket/news/wi-vs-pak-1st-test-session-timings-start-times-lunch-tea-break/fd75e38d0fa41faaeba76748,2026-07-25 12:25:14
Explained: Why Michael Vaughan is unhappy that Stephen Fleming will join England team after Pakistan Test series,Soham Mukherjee,Former England captain Michael Vaughan has criticised Stephen Fleming's decision to join the Test setup only after the upcoming Pakistan series. Read why.,https://www.cricketnews.com/en/cricket/news/why-michael-vaughan-unhappy-stephen-fleming-england-pakistan-test-series/22aee1e3b1b7ce4f8764dcf0,2026-07-30 16:21:51
"How to watch ENG vs PAK Test series 2026 live: Start time, TV channels and streaming details",Deepanjan Mitra,"With the first Test between England and Pakistan just two days away, here's how you can watch the game live without missing a single ball.",https://www.cricketnews.com/en/cricket/news/watch-eng-vs-pak-test-series-2026-live-start-time-tv-channels-streaming/a974c768210e34aa168476ad,2026-08-18 09:52:21
Pakistan to tour England for five-match ODI series ahead of 2027 Cricket World Cup,Unknown Author,Pakistan will tour England for a five-match ODI series in May 2027. This series will serve as crucial preparation for the ICC Men's Cricket World Cup 2027. The World Cup is scheduled to be held later that year in October and November. The tour begins in South…,https://consent.yahoo.com/v2/collectConsent?sessionId=1_cc-session_f0e186ea-cfc9-4800-96fa-dd23d961f25f,2026-07-23 15:28:00
Babar Azam injury: Availability and latest update on Pakistan captain ahead of 1st Test vs England at Leeds,Deepanjan Mitra,"With injury rumours swirling around Pakistani skipper Babar Azam for the first Test against England, latest updates believe that he would play the match.",https://www.cricketnews.com/en/cricket/news/babar-azam-injury-availability-latest-update-pakistan-england/6ed9ebc3291d57a5e18001ca,2026-08-15 16:44:10
Babar Azam's last Test century: Pakistan star's hundred drought in Test cricket explained,Deepanjan Mitra,"After getting run out for 88 against the West Indies in the second Test, Babar Azam has now gone 17 Test matches without scoring a century.",https://www.cricketnews.com/en/cricket/news/babar-azam-last-test-century-pakistan-hundred-drought-test-cricket/205a9ea7e3414fe6b605c1b6,2026-08-04 18:49:57
'Not your job': Usman Tariq's bold message to opponents over questions being raised on controversial bowling action,Anselm Noronha,"Pakistan spinner Usman Tariq has hit back at opponents questioning his bowling action, insisting that only umpires and officials have the authority to judge its legality.",https://www.cricketnews.com/en/cricket/news/usman-tariq-message-opponents-questions-raised-controversial-action/2b629b67a9020f2e0efe8771,2026-07-27 09:03:31
"ENG vs PAK 1st Test session timings: Start times, lunch and tea breaks for Pakistan tour of England at Headingley",Deepanjan Mitra,"With the England vs. Pakistan 1st test match underway, here's all the session timings along with the lunch and tea breaks",https://www.cricketnews.com/en/cricket/news/eng-vs-pak-1st-test-session-timings-start-times-lunch-tea-breaks/cb6ad23faa3301bc96d2b6c8,2026-08-19 02:46:56
England's new Test captain and head coach for Pakistan series: Likely candidates to take over after Ben Stokes and Brendon McCullum,Deepanjan Mitra,"With Ben Stokes and Brendon McCullum both out of the England dressing room, here's a look at the likely candidates ahead of the upcoming series against Pakistan.",https://www.cricketnews.com/en/cricket/news/englands-test-captain-head-coach-pakistan-series/2106ec337adc465fab4f3af5,2026-07-24 14:36:41
